/for-developers/bitbadges-sdk	/sdk
/for-developers/bitbadges-sdk/overview	/sdk
/for-developers/bitbadges-sdk/react-quickstart	/sdk/react-quickstart
/for-developers/bitbadges-sdk/sdk-types	/sdk/types
/for-developers/bitbadges-sdk/common-snippets	/sdk/snippets
/for-developers/bitbadges-sdk/common-snippets/address-conversions	/sdk/snippets/address-conversions
/for-developers/bitbadges-sdk/common-snippets/numbertype-conversions	/sdk/types
/for-developers/bitbadges-sdk/common-snippets/uint-ranges	/sdk/snippets/uint-ranges
/for-developers/bitbadges-sdk/common-snippets/balances	/sdk/snippets/balances
/for-developers/bitbadges-sdk/common-snippets/balance-lookups	/sdk/snippets/balance-lookups
/for-developers/bitbadges-sdk/common-snippets/transfers-w-increments	/sdk/snippets/transfers
/for-developers/bitbadges-sdk/common-snippets/address-lists	/sdk/snippets/address-lists
/for-developers/bitbadges-sdk/common-snippets/badge-metadata	/sdk/snippets/token-metadata
/for-developers/bitbadges-sdk/common-snippets/get-unhandled-approvals	/sdk/snippets/approvals
/for-developers/bitbadges-sdk/common-snippets/interpret-collection	/sdk/snippets/interpret-collection
/for-developers/bitbadges-sdk/common-snippets/interpret-transaction	/sdk/snippets/interpret-transaction
/for-developers/bitbadges-sdk/common-snippets/simulation-balance-diffs	/sdk/snippets/simulation-balance-diffs
/for-developers/bitbadges-blockchain/create-and-broadcast-txs	/sdk/transactions
/for-developers/bitbadges-blockchain/create-and-broadcast-txs/signing-client	/sdk/transactions/signing-client
/for-developers/bitbadges-blockchain/create-and-broadcast-txs/transaction-context	/sdk/transactions
/for-developers/bitbadges-blockchain/create-and-broadcast-txs/generate-msg-contents	/sdk/transactions
/for-developers/bitbadges-blockchain/create-and-broadcast-txs/signing-cosmos	/sdk/transactions/sign-cosmos
/for-developers/bitbadges-blockchain/create-and-broadcast-txs/signing-ethereum	/sdk/transactions/sign-ethereum
/for-developers/bitbadges-blockchain/create-and-broadcast-txs/broadcast-to-a-node	/sdk/transactions/broadcast
/for-developers/bitbadges-blockchain/create-and-broadcast-txs/sign-+-broadcast-bitbadges.io	/sdk/transactions/broadcast
/for-developers/create-and-broadcast-txs/cosmos-sdk-msgs/msgcreateaddressmappings	/token-standard/messages/msg-create-address-lists
