/x-tokenization	/token-standard
/learn	/token-standard
/learn/pre-readings	/token-standard/concepts
/token-standard/pre-readings	/token-standard/concepts
/for-developers/concepts/accounts	/token-standard/concepts/accounts
/token-standard/learn/uintrange	/token-standard/concepts/uint-ranges
/for-developers/concepts/uint-ranges	/token-standard/concepts/uint-ranges
/token-standard/learn/balance-system	/token-standard/concepts/balances
/for-developers/concepts/balances	/token-standard/concepts/balances
/token-standard/learn/collection-setup-fields	/token-standard/concepts/collections
/overview/learn/badge-concepts/standards	/token-standard/concepts/collections
/learn/minting-and-circulating-supply	/token-standard/concepts/minting-and-supply
/x-tokenization/concepts/total-supply	/token-standard/concepts/minting-and-supply
/token-standard/learn/address-lists	/token-standard/concepts/address-lists
/for-developers/concepts/address-mappings-lists	/token-standard/concepts/address-lists
/learn/transferability	/token-standard/concepts/transferability
/learn/auto-scan-and-prioritized-approvals	/token-standard/concepts/prioritized-approvals
/x-tokenization/concepts/approval-criteria/must-prioritize	/token-standard/concepts/prioritized-approvals
/learn/permissions	/token-standard/concepts/permissions
/x-tokenization/concepts/manager	/token-standard/concepts/permissions
/overview/compliance-zone-architecture	/token-standard/concepts/compliance-zones
/token-standard/learn/approval-criteria	/token-standard/approval-criteria
/token-standard/learn/approval-criteria/requires	/token-standard/approval-criteria
/token-standard/learn/approval-criteria/address-checks	/token-standard/approval-criteria/address-checks
/x-tokenization/concepts/approval-criteria/alt-time-checks	/token-standard/approval-criteria/alt-time-checks
/token-standard/learn/approval-criteria/approval-trackers	/token-standard/approval-criteria/approval-trackers
/token-standard/learn/approval-criteria/max-number-of-transfers	/token-standard/approval-criteria/approval-trackers
/token-standard/learn/approval-criteria/tallied-approval-amounts	/token-standard/approval-criteria/approval-trackers
/token-standard/learn/approval-criteria/auto-deletion-options	/token-standard/approval-criteria/auto-deletion
/token-standard/learn/approval-criteria/usdbadge-transfers	/token-standard/approval-criteria/coin-transfers
/token-standard/learn/approval-criteria/dynamic-store-challenges	/token-standard/approval-criteria/dynamic-store-challenges
/token-standard/learn/approval-criteria/eth-signature-challenges	/token-standard/approval-criteria/eth-signature-challenges
/token-standard/learn/approval-criteria/evm-query-challenges	/token-standard/approval-criteria/evm-query-challenges
/token-standard/learn/approval-criteria/merkle-challenges	/token-standard/approval-criteria/merkle-challenges
/token-standard/learn/approval-criteria/overrides	/token-standard/approval-criteria/overrides
/token-standard/learn/approval-criteria/predetermined-balances	/token-standard/approval-criteria/predetermined-balances
/token-standard/learn/approval-criteria/special-address-flags	/token-standard/approval-criteria/special-address-flags
/token-standard/learn/approval-criteria/badge-ownership	/token-standard/approval-criteria/token-ownership
/token-standard/learn/approval-criteria/user-approval-settings	/token-standard/approval-criteria/user-approval-settings
/token-standard/learn/approval-criteria/user-royalties	/token-standard/approval-criteria/user-approval-settings
/token-standard/learn/approval-criteria/voting-challenges	/token-standard/approval-criteria/voting-challenges
